section,section_label,order,date,kind,source,asset
00_opening,Opening,1,2024-12-31,photo,incoming/윤서성장영상/Screenshot_20241231_090838_KakaoTalk.jpg,assets/00_opening/001_2024-12-31_photo_Screenshot_20241231_090838_KakaoTalk.jpg
00_opening,Opening,2,2025-05-01,photo,incoming/윤서성장영상/20250501_131559.jpg,assets/00_opening/002_2025-05-01_photo_20250501_131559.jpg
00_opening,Opening,3,2025-05-01,photo,incoming/윤서성장영상/20250501_131609.jpg,assets/00_opening/003_2025-05-01_photo_20250501_131609.jpg
00_opening,Opening,4,2025-05-01,photo,incoming/윤서성장영상/20250501_131620.jpg,assets/00_opening/004_2025-05-01_photo_20250501_131620.jpg
00_opening,Opening,5,2025-05-10,photo,incoming/윤서성장영상/1746874512887-1.png,assets/00_opening/005_2025-05-10_photo_1746874512887-1.png
00_opening,Opening,6,2025-05-17,photo,incoming/윤서성장영상/1747447851533.jpg,assets/00_opening/006_2025-05-17_photo_1747447851533.jpg
01_birth_newborn,Birth and newborn,1,2025-05-01,photo,incoming/윤서성장영상/20250501_131552.jpg,assets/01_birth_newborn/001_2025-05-01_photo_20250501_131552.jpg
01_birth_newborn,Birth and newborn,2,2025-05-01,photo,incoming/윤서성장영상/20250501_131605.jpg,assets/01_birth_newborn/002_2025-05-01_photo_20250501_131605.jpg
01_birth_newborn,Birth and newborn,3,2025-05-01,photo,incoming/윤서성장영상/20250501_131612.jpg,assets/01_birth_newborn/003_2025-05-01_photo_20250501_131612.jpg
01_birth_newborn,Birth and newborn,4,2025-05-01,photo,incoming/윤서성장영상/20250501_131627.jpg,assets/01_birth_newborn/004_2025-05-01_photo_20250501_131627.jpg
01_birth_newborn,Birth and newborn,5,2025-05-10,photo,incoming/윤서성장영상/1746874512887-2.png,assets/01_birth_newborn/005_2025-05-10_photo_1746874512887-2.png
01_birth_newborn,Birth and newborn,6,2025-06-23,photo,incoming/윤서성장영상/1750647750643.jpg,assets/01_birth_newborn/006_2025-06-23_photo_1750647750643.jpg
01_birth_newborn,Birth and newborn,7,2025-06-26,photo,incoming/윤서성장영상/1750901066727.jpg,assets/01_birth_newborn/007_2025-06-26_photo_1750901066727.jpg
01_birth_newborn,Birth and newborn,8,2025-06-27,photo,incoming/윤서성장영상/1750996573327.jpg,assets/01_birth_newborn/008_2025-06-27_photo_1750996573327.jpg
01_birth_newborn,Birth and newborn,9,2025-06-27,photo,incoming/윤서성장영상/20250627_113956.jpg,assets/01_birth_newborn/009_2025-06-27_photo_20250627_113956.jpg
01_birth_newborn,Birth and newborn,10,2025-06-28,photo,incoming/윤서성장영상/20250628_093325.jpg,assets/01_birth_newborn/010_2025-06-28_photo_20250628_093325.jpg
01_birth_newborn,Birth and newborn,11,2025-06-29,photo,incoming/윤서성장영상/1751168955843.jpg,assets/01_birth_newborn/011_2025-06-29_photo_1751168955843.jpg
01_birth_newborn,Birth and newborn,12,2025-06-29,video,incoming/윤서성장영상/20250629_163831.mp4,assets/01_birth_newborn/012_2025-06-29_video_20250629_163831.mp4
01_birth_newborn,Birth and newborn,13,2025-06-30,photo,incoming/윤서성장영상/1751278530613.jpg,assets/01_birth_newborn/013_2025-06-30_photo_1751278530613.jpg
02_1-3_months,1-3 months,1,2025-06-25,photo,incoming/윤서성장영상/1750817525786.jpg,assets/02_1-3_months/001_2025-06-25_photo_1750817525786.jpg
02_1-3_months,1-3 months,2,2025-06-27,photo,incoming/윤서성장영상/1750995412334.jpg,assets/02_1-3_months/002_2025-06-27_photo_1750995412334.jpg
02_1-3_months,1-3 months,3,2025-06-27,photo,incoming/윤서성장영상/1750996578472.jpg,assets/02_1-3_months/003_2025-06-27_photo_1750996578472.jpg
02_1-3_months,1-3 months,4,2025-06-28,photo,incoming/윤서성장영상/1751096741826.jpg,assets/02_1-3_months/004_2025-06-28_photo_1751096741826.jpg
02_1-3_months,1-3 months,5,2025-06-29,photo,incoming/윤서성장영상/1751168954756.jpg,assets/02_1-3_months/005_2025-06-29_photo_1751168954756.jpg
02_1-3_months,1-3 months,6,2025-07-03,video,incoming/윤서성장영상/2025_07_03 08_01.mp4,assets/02_1-3_months/006_2025-07-03_video_2025_07_03_08_01.mp4
02_1-3_months,1-3 months,7,2025-07-04,photo,incoming/윤서성장영상/1751622929488.jpg,assets/02_1-3_months/007_2025-07-04_photo_1751622929488.jpg
02_1-3_months,1-3 months,8,2025-08-05,video,incoming/윤서성장영상/20250805_120149.mp4,assets/02_1-3_months/008_2025-08-05_video_20250805_120149.mp4
02_1-3_months,1-3 months,9,2025-08-08,photo,incoming/윤서성장영상/1754615693346.jpg,assets/02_1-3_months/009_2025-08-08_photo_1754615693346.jpg
02_1-3_months,1-3 months,10,2025-08-09,photo,incoming/윤서성장영상/20250809_161458.jpg,assets/02_1-3_months/010_2025-08-09_photo_20250809_161458.jpg
02_1-3_months,1-3 months,11,2025-08-12,photo,incoming/윤서성장영상/1755004977229.jpg,assets/02_1-3_months/011_2025-08-12_photo_1755004977229.jpg
02_1-3_months,1-3 months,12,2025-08-12,photo,incoming/윤서성장영상/1755004977471.jpg,assets/02_1-3_months/012_2025-08-12_photo_1755004977471.jpg
02_1-3_months,1-3 months,13,2025-08-17,photo,incoming/윤서성장영상/20250817_205227.jpg,assets/02_1-3_months/013_2025-08-17_photo_20250817_205227.jpg
03_4-6_months,4-6 months,1,2025-09-01,photo,incoming/윤서성장영상/1756730840876.jpg,assets/03_4-6_months/001_2025-09-01_photo_1756730840876.jpg
03_4-6_months,4-6 months,2,2025-10-03,photo,incoming/윤서성장영상/20251003_122827.jpg,assets/03_4-6_months/002_2025-10-03_photo_20251003_122827.jpg
03_4-6_months,4-6 months,3,2025-10-04,photo,incoming/윤서성장영상/20251004_135620.jpg,assets/03_4-6_months/003_2025-10-04_photo_20251004_135620.jpg
03_4-6_months,4-6 months,4,2025-10-08,photo,incoming/윤서성장영상/20251008_132739.jpg,assets/03_4-6_months/004_2025-10-08_photo_20251008_132739.jpg
03_4-6_months,4-6 months,5,2025-10-08,video,incoming/윤서성장영상/20251008_133928.mp4,assets/03_4-6_months/005_2025-10-08_video_20251008_133928.mp4
03_4-6_months,4-6 months,6,2025-10-18,video,incoming/윤서성장영상/20251018_100151.mp4,assets/03_4-6_months/006_2025-10-18_video_20251018_100151.mp4
03_4-6_months,4-6 months,7,2025-10-19,photo,incoming/윤서성장영상/1760864001905.jpg,assets/03_4-6_months/007_2025-10-19_photo_1760864001905.jpg
03_4-6_months,4-6 months,8,2025-10-24,photo,incoming/윤서성장영상/Screenshot_20251024_211930_KakaoTalk.jpg,assets/03_4-6_months/008_2025-10-24_photo_Screenshot_20251024_211930_KakaoTalk.jpg
03_4-6_months,4-6 months,9,2025-10-29,photo,incoming/윤서성장영상/1761738217200.jpg,assets/03_4-6_months/009_2025-10-29_photo_1761738217200.jpg
03_4-6_months,4-6 months,10,2025-11-09,photo,incoming/윤서성장영상/20251109_142320.jpg,assets/03_4-6_months/010_2025-11-09_photo_20251109_142320.jpg
03_4-6_months,4-6 months,11,2025-11-11,video,incoming/윤서성장영상/20251111_195640.mp4,assets/03_4-6_months/011_2025-11-11_video_20251111_195640.mp4
03_4-6_months,4-6 months,12,2025-11-14,photo,incoming/윤서성장영상/20251114_101242.jpg,assets/03_4-6_months/012_2025-11-14_photo_20251114_101242.jpg
03_4-6_months,4-6 months,13,2025-11-24,photo,incoming/윤서성장영상/1763974759475.jpg,assets/03_4-6_months/013_2025-11-24_photo_1763974759475.jpg
03_4-6_months,4-6 months,14,2025-11-24,photo,incoming/윤서성장영상/1763974759820.jpg,assets/03_4-6_months/014_2025-11-24_photo_1763974759820.jpg
04_7-9_months,7-9 months,1,2025-12-01,photo,incoming/윤서성장영상/2025-12-01T09_44_51.000_j4l.jpg,assets/04_7-9_months/001_2025-12-01_photo_2025-12-01T09_44_51.000_j4l.jpg
04_7-9_months,7-9 months,2,2025-12-21,photo,incoming/윤서성장영상/20251221_121710.jpg,assets/04_7-9_months/002_2025-12-21_photo_20251221_121710.jpg
04_7-9_months,7-9 months,3,2025-12-21,photo,incoming/윤서성장영상/20251221_162814.jpg,assets/04_7-9_months/003_2025-12-21_photo_20251221_162814.jpg
04_7-9_months,7-9 months,4,2025-12-22,photo,incoming/윤서성장영상/20251222_103550.jpg,assets/04_7-9_months/004_2025-12-22_photo_20251222_103550.jpg
04_7-9_months,7-9 months,5,2025-12-25,video,incoming/윤서성장영상/20251225_165755.mp4,assets/04_7-9_months/005_2025-12-25_video_20251225_165755.mp4
04_7-9_months,7-9 months,6,2025-12-26,video,incoming/윤서성장영상/20251226_191300.mp4,assets/04_7-9_months/006_2025-12-26_video_20251226_191300.mp4
04_7-9_months,7-9 months,7,2025-12-28,photo,incoming/윤서성장영상/20251228_123812.jpg,assets/04_7-9_months/007_2025-12-28_photo_20251228_123812.jpg
04_7-9_months,7-9 months,8,2026-01-11,photo,incoming/윤서성장영상/20260111_173105.jpg,assets/04_7-9_months/008_2026-01-11_photo_20260111_173105.jpg
04_7-9_months,7-9 months,9,2026-01-17,video,incoming/윤서성장영상/20260117_175858.mp4,assets/04_7-9_months/009_2026-01-17_video_20260117_175858.mp4
04_7-9_months,7-9 months,10,2026-01-25,photo,incoming/윤서성장영상/20260125_092612.jpg,assets/04_7-9_months/010_2026-01-25_photo_20260125_092612.jpg
04_7-9_months,7-9 months,11,2026-01-31,photo,incoming/윤서성장영상/20260131_185816.jpg,assets/04_7-9_months/011_2026-01-31_photo_20260131_185816.jpg
04_7-9_months,7-9 months,12,2026-02-03,photo,incoming/윤서성장영상/Screenshot_20260203_085503_PhotoEditor.jpg,assets/04_7-9_months/012_2026-02-03_photo_Screenshot_20260203_085503_PhotoEditor.jpg
04_7-9_months,7-9 months,13,2026-02-11,photo,incoming/윤서성장영상/20260211_182337.jpg,assets/04_7-9_months/013_2026-02-11_photo_20260211_182337.jpg
04_7-9_months,7-9 months,14,2026-02-15,photo,incoming/윤서성장영상/20260215_164708.jpg,assets/04_7-9_months/014_2026-02-15_photo_20260215_164708.jpg
04_7-9_months,7-9 months,15,2026-02-15,video,incoming/윤서성장영상/20260215_124647.mp4,assets/04_7-9_months/015_2026-02-15_video_20260215_124647.mp4
04_7-9_months,7-9 months,16,2026-02-23,photo,incoming/윤서성장영상/2026-02-23T12_27_23.845_pb6.jpg,assets/04_7-9_months/016_2026-02-23_photo_2026-02-23T12_27_23.845_pb6.jpg
05_10-12_months,10-12 months,1,2026-03-01,photo,incoming/윤서성장영상/20260301_083801.jpg,assets/05_10-12_months/001_2026-03-01_photo_20260301_083801.jpg
05_10-12_months,10-12 months,2,2026-03-01,photo,incoming/윤서성장영상/20260301_083805.jpg,assets/05_10-12_months/002_2026-03-01_photo_20260301_083805.jpg
05_10-12_months,10-12 months,3,2026-03-01,photo,incoming/윤서성장영상/20260301_083809.jpg,assets/05_10-12_months/003_2026-03-01_photo_20260301_083809.jpg
05_10-12_months,10-12 months,4,2026-03-06,photo,incoming/윤서성장영상/20260306_182723.jpg,assets/05_10-12_months/004_2026-03-06_photo_20260306_182723.jpg
05_10-12_months,10-12 months,5,2026-03-06,photo,incoming/윤서성장영상/20260306_182725.jpg,assets/05_10-12_months/005_2026-03-06_photo_20260306_182725.jpg
05_10-12_months,10-12 months,6,2026-03-06,photo,incoming/윤서성장영상/20260306_182747.jpg,assets/05_10-12_months/006_2026-03-06_photo_20260306_182747.jpg
05_10-12_months,10-12 months,7,2026-03-15,video,incoming/윤서성장영상/20260315_101003.mp4,assets/05_10-12_months/007_2026-03-15_video_20260315_101003.mp4
05_10-12_months,10-12 months,8,2026-03-21,photo,incoming/윤서성장영상/20260321_142449.jpg,assets/05_10-12_months/008_2026-03-21_photo_20260321_142449.jpg
05_10-12_months,10-12 months,9,2026-03-21,video,incoming/윤서성장영상/20260321_163316.mp4,assets/05_10-12_months/009_2026-03-21_video_20260321_163316.mp4
05_10-12_months,10-12 months,10,2026-03-23,photo,incoming/윤서성장영상/2026-03-23T19_51_57.558_eys.jpg,assets/05_10-12_months/010_2026-03-23_photo_2026-03-23T19_51_57.558_eys.jpg
05_10-12_months,10-12 months,11,2026-04-11,video,incoming/윤서성장영상/20260411_194511.mp4,assets/05_10-12_months/011_2026-04-11_video_20260411_194511.mp4
05_10-12_months,10-12 months,12,2026-05-01,photo,incoming/윤서성장영상/20260501_161801.jpg,assets/05_10-12_months/012_2026-05-01_photo_20260501_161801.jpg
05_10-12_months,10-12 months,13,2026-05-01,video,incoming/윤서성장영상/20260501_161805.mp4,assets/05_10-12_months/013_2026-05-01_video_20260501_161805.mp4
06_family_ending,Ending,1,2026-05-30,photo,incoming/윤서성장영상/나를보다-16.jpg,assets/06_family_ending/001_2026-05-30_photo_나를보다-16.jpg
06_family_ending,Ending,2,2026-05-30,photo,incoming/윤서성장영상/나를보다-35.jpg,assets/06_family_ending/002_2026-05-30_photo_나를보다-35.jpg
06_family_ending,Ending,3,2026-05-30,photo,incoming/윤서성장영상/나를보다-36.jpg,assets/06_family_ending/003_2026-05-30_photo_나를보다-36.jpg
06_family_ending,Ending,4,2026-05-30,photo,incoming/윤서성장영상/나를보다-9.jpg,assets/06_family_ending/004_2026-05-30_photo_나를보다-9.jpg
